Year_Month,Card Type,Travel_Mode,Trip
2016 - Jul,Adult,Train,22145198
2016 - Jul,Child/Youth,Train,1107160
2016 - Jul,Concession,Train,2105013
2016 - Jul,Other,Train,264074
2016 - Jul,Free Opal,Train,24395
2016 - Jul,School Opal,Train,511309
2016 - Jul,Gold Opal,Train,2567262
2016 - Jul,Opal Single Ticket,Train,75274
2016 - Jul,Opal Single Ticket,Train,19564
2016 - Aug,Adult,Train,24129963
2016 - Aug,Child/Youth,Train,946988
2016 - Aug,Concession,Train,2656456
2016 - Aug,Other,Train,304666
2016 - Aug,Free Opal,Train,30830
2016 - Aug,School Opal,Train,1125676
2016 - Aug,Gold Opal,Train,2849358
2016 - Aug,Opal Single Ticket,Train,296696
2016 - Aug,Opal Single Ticket,Train,53347
2016 - Sep,Adult,Train,23062165
2016 - Sep,Child/Youth,Train,1094712
2016 - Sep,Concession,Train,2131790
2016 - Sep,Other,Train,302130
2016 - Sep,Free Opal,Train,30292
2016 - Sep,School Opal,Train,833102
2016 - Sep,Gold Opal,Train,2816602
2016 - Sep,t,Train,311066
2016 - Sep,Opal Single Ticket,Train,66493
2016 - Oct,Adult,Train,22608261
2016 - Oct,Child/Youth,Train,1120560
2016 - Oct,Concession,Train,2065326
2016 - Oct,Other,Train,289301
2016 - Oct,Free Opal,Train,30205
2016 - Oct,School Opal,Train,759479
2016 - Oct,Gold Opal,Train,2859632
2016 - Oct,Opal Single Ticket,Train,311836
2016 - Oct,Opal Single Ticket,Train,62233
2016 - Nov,Adult,Train,23867512
2016 - Nov,Child/Youth,Train,1036526
2016 - Nov,Concession,Train,1707681
2016 - Nov,Other,Train,318627
2016 - Nov,Free Opal,Train,33096
2016 - Nov,School Opal,Train,1013962
2016 - Nov,Gold Opal,Train,2969184
2016 - Nov,Opal Single Ticket,Train,320085
2016 - Nov,Opal Single Ticket,Train,51606
2016 - Dec,Adult,Train,21532401
2016 - Dec,Child/Youth,Train,1353758
2016 - Dec,Concession,Train,1361789
2016 - Dec,Other,Train,285847
2016 - Dec,Free Opal,Train,29099
2016 - Dec,School Opal,Train,404194
2016 - Dec,Gold Opal,Train,2773808
2016 - Dec,Opal Single Ticket,Train,362922
2016 - Dec,Opal Single Ticket,Train,85766
2017 - Jan,Adult,Train,20689527
2017 - Jan,Child/Youth,Train,1485300
2017 - Jan,Concession,Train,1255327
2017 - Jan,Other,Train,259349
2017 - Jan,Free Opal,Train,26745
2017 - Jan,School Opal,Train,67891
2017 - Jan,Gold Opal,Train,2566223
2017 - Jan,Opal Single Ticket,Train,299852
2017 - Jan,Opal Single Ticket,Train,85208
2017 - Feb,Adult,Train,21960594
2017 - Feb,Child/Youth,Train,977309
2017 - Feb,Concession,Train,1527275
2017 - Feb,Other,Train,287362
2017 - Feb,Free Opal,Train,30092
2017 - Feb,School Opal,Train,1028738
2017 - Feb,Gold Opal,Train,2620981
2017 - Feb,Opal Single Ticket,Train,288914
2017 - Feb,Opal Single Ticket,Train,45771
2017 - Mar,Adult,Train,25670277
2017 - Mar,Child/Youth,Train,1061092
2017 - Mar,Concession,Train,2874972
2017 - Mar,Other,Train,331728
2017 - Mar,Free Opal,Train,34502
2017 - Mar,School Opal,Train,1236042
2017 - Mar,Gold Opal,Train,2983728
2017 - Mar,Opal Single Ticket,Train,320440
2017 - Mar,Opal Single Ticket,Train,53604
2017 - Apr,Adult,Train,21558784
2017 - Apr,Child/Youth,Train,1333722
2017 - Apr,Concession,Train,2080422
2017 - Apr,Other,Train,260847
2017 - Apr,Free Opal,Train,29582
2017 - Apr,School Opal,Train,427515
2017 - Apr,Gold Opal,Train,2679990
2017 - Apr,Opal Single Ticket,Train,298912
2017 - Apr,Opal Single Ticket,Train,75955
2017 - May,Adult,Train,26157005
2017 - May,Child/Youth,Train,952898
2017 - May,Concession,Train,2727746
2017 - May,Other,Train,332707
2017 - May,Free Opal,Train,35442
2017 - May,School Opal,Train,1272946
2017 - May,Gold Opal,Train,3039985
2017 - May,Opal Single Ticket,Train,293744
2017 - May,Opal Single Ticket,Train,50537
2017 - Jun,Adult,Train,24096554
2017 - Jun,Child/Youth,Train,1076221
2017 - Jun,Concession,Train,1944290
2017 - Jun,Other,Train,308301
2017 - Jun,Free Opal,Train,31954
2017 - Jun,School Opal,Train,1054982
2017 - Jun,Gold Opal,Train,2840831
2017 - Jun,Opal Single Ticket,Train,293213
2017 - Jun,Opal Single Ticket,Train,60524
2017 - Jul,Adult,Train,23827242
2017 - Jul,Child/Youth,Train,1407616
2017 - Jul,Concession,Train,1719629
2017 - Jul,Other,Train,294034
2017 - Jul,Free Opal,Train,32228
2017 - Jul,School Opal,Train,562500
2017 - Jul,Gold Opal,Train,2804836
2017 - Jul,Opal Single Ticket,Train,330262
2017 - Jul,Opal Single Ticket,Train,92187
2017 - Aug,Adult,Train,25596844
2017 - Aug,Child/Youth,Train,983919
2017 - Aug,Concession,Train,2822581
2017 - Aug,Day Pass Ticket,Train,9
2017 - Aug,Day Pass Ticket,Train,18
2017 - Aug,Other,Train,316870
2017 - Aug,Free Opal,Train,34768
2017 - Aug,School Opal,Train,1234164
2017 - Aug,Gold Opal,Train,2902953
2017 - Aug,Opal Single Ticket,Train,329921
2017 - Aug,Opal Single Ticket,Train,63560
2017 - Sep,Adult,Train,24295203
2017 - Sep,Child/Youth,Train,1219264
2017 - Sep,Concession,Train,2208678
2017 - Sep,Day Pass Ticket,Train,28
2017 - Sep,Day Pass Ticket,Train,174
2017 - Sep,Other,Train,284062
2017 - Sep,Free Opal,Train,30029
2017 - Sep,School Opal,Train,819372
2017 - Sep,Gold Opal,Train,2805731
2017 - Sep,Opal Single Ticket,Train,330192
2017 - Sep,Opal Single Ticket,Train,74585
2017 - Oct,Adult,Train,25069317
2017 - Oct,Child/Youth,Train,1167816
2017 - Oct,Concession,Train,2229618
2017 - Oct,Day Pass Ticket,Train,7
2017 - Oct,Day Pass Ticket,Train,73
2017 - Oct,Other,Train,285686
2017 - Oct,Free Opal,Train,30517
2017 - Oct,School Opal,Train,824499
2017 - Oct,Gold Opal,Train,2880156
2017 - Oct,Opal Single Ticket,Train,351369
2017 - Oct,Opal Single Ticket,Train,71176
2017 - Nov,Adult,Train,25763265
2017 - Nov,Child/Youth,Train,1062144
2017 - Nov,Concession,Train,1827754
2017 - Nov,Day Pass Ticket,Train,2
2017 - Nov,Other,Train,300528
2017 - Nov,Free Opal,Train,32193
2017 - Nov,School Opal,Train,1065221
2017 - Nov,Gold Opal,Train,2979774
2017 - Nov,Opal Single Ticket,Train,366190
2017 - Nov,Opal Single Ticket,Train,60053
2017 - Dec,Adult,Train,22729922
2017 - Dec,Child/Youth,Train,1423432
2017 - Dec,Concession,Train,1406927
2017 - Dec,Other,Train,254579
2017 - Dec,Free Opal,Train,26829
2017 - Dec,School Opal,Train,385688
2017 - Dec,Gold Opal,Train,2749627
2017 - Dec,Opal Single Ticket,Train,396404
2017 - Dec,Opal Single Ticket,Train,94481
2018 - Jan,Adult,Train,22118391
2018 - Jan,Child/Youth,Train,1491713
2018 - Jan,Concession,Train,1278438
2018 - Jan,Day Pass Ticket,Train,1
2018 - Jan,Other,Train,237035
2018 - Jan,Free Opal,Train,24340
2018 - Jan,School Opal,Train,80493
2018 - Jan,Gold Opal,Train,2550328
2018 - Jan,Opal Single Ticket,Train,317462
2018 - Jan,Opal Single Ticket,Train,88665
2018 - Feb,Adult,Train,23096119
2018 - Feb,Child/Youth,Train,1013582
2018 - Feb,Concession,Train,1546266
2018 - Feb,Other,Train,259220
2018 - Feb,Free Opal,Train,27068
2018 - Feb,School Opal,Train,1071662
2018 - Feb,Gold Opal,Train,2656033
2018 - Feb,Opal Single Ticket,Train,314269
2018 - Feb,Opal Single Ticket,Train,51872
2018 - Mar,Adult,Train,26186985
2018 - Mar,Child/Youth,Train,1149786
2018 - Mar,Concession,Train,2756796
2018 - Mar,Day Pass Ticket,Train,4
2018 - Mar,Day Pass Ticket,Train,32
2018 - Mar,Other,Train,289223
2018 - Mar,Free Opal,Train,30090
2018 - Mar,School Opal,Train,1154541
2018 - Mar,Gold Opal,Train,2976317
2018 - Mar,Opal Single Ticket,Train,361338
2018 - Mar,Opal Single Ticket,Train,62376
2018 - Apr,Adult,Train,23988605
2018 - Apr,Child/Youth,Train,1375098
2018 - Apr,Concession,Train,2206207
2018 - Apr,Day Pass Ticket,Train,6
2018 - Apr,Day Pass Ticket,Train,102
2018 - Apr,Other,Train,262786
2018 - Apr,Free Opal,Train,28378
2018 - Apr,School Opal,Train,491342
2018 - Apr,Gold Opal,Train,2776197
2018 - Apr,Opal Single Ticket,Train,303161
2018 - Apr,Opal Single Ticket,Train,80284
2018 - May,Adult,Train,27561815
2018 - May,Child/Youth,Train,960677
2018 - May,Concession,Train,2700245
2018 - May,Day Pass Ticket,Train,16
2018 - May,Day Pass Ticket,Train,190
2018 - May,Other,Train,320124
2018 - May,Free Opal,Train,32251
2018 - May,School Opal,Train,1304566
2018 - May,Gold Opal,Train,3076313
2018 - May,Opal Single Ticket,Train,311005
2018 - May,Opal Single Ticket,Train,55363
2018 - Jun,Adult,Train,24997620
2018 - Jun,Child/Youth,Train,1084919
2018 - Jun,Concession,Train,1925573
2018 - Jun,Day Pass Ticket,Train,3
2018 - Jun,Day Pass Ticket,Train,218
2018 - Jun,Other,Train,291309
2018 - Jun,Free Opal,Train,29136
2018 - Jun,School Opal,Train,1094868
2018 - Jun,Gold Opal,Train,2811670
2018 - Jun,Opal Single Ticket,Train,304921
2018 - Jun,Opal Single Ticket,Train,64108
2018 - Jul,Adult,Train,25719570
2018 - Jul,Child/Youth,Train,1441083
2018 - Jul,Concession,Train,1764348
2018 - Jul,Day Pass Ticket,Train,11
2018 - Jul,Day Pass Ticket,Train,295
2018 - Jul,Other,Train,294039
2018 - Jul,Free Opal,Train,31329
2018 - Jul,School Opal,Train,545831
2018 - Jul,Gold Opal,Train,2906558
2018 - Jul,Opal Single Ticket,Train,273148
2018 - Jul,Opal Single Ticket,Train,77382
2018 - Aug,Adult,Train,27068989
2018 - Aug,Child/Youth,Train,982120
2018 - Aug,Concession,Train,2740748
2018 - Aug,Day Pass Ticket,Train,14
2018 - Aug,Day Pass Ticket,Train,312
2018 - Aug,Other,Train,302280
2018 - Aug,Free Opal,Train,32190
2018 - Aug,School Opal,Train,1254541
2018 - Aug,Gold Opal,Train,2992574
2018 - Aug,Opal Single Ticket,Train,286608
2018 - Aug,Opal Single Ticket,Train,53424
2018 - Sep,Adult,Train,25212167
2018 - Sep,Child/Youth,Train,1041145
2018 - Sep,Concession,Train,2168858
2018 - Sep,Day Pass Ticket,Train,9
2018 - Sep,Day Pass Ticket,Train,319
2018 - Sep,Other,Train,283396
2018 - Sep,Free Opal,Train,30433
2018 - Sep,School Opal,Train,1093627
2018 - Sep,Gold Opal,Train,2853772
2018 - Sep,Opal Single Ticket,Train,284117
2018 - Sep,Opal Single Ticket,Train,53639
2018 - Oct,Adult,Train,26675966
2018 - Oct,Child/Youth,Train,1220318
2018 - Oct,Concession,Train,2223132
2018 - Oct,Day Pass Ticket,Train,10
2018 - Oct,Day Pass Ticket,Train,374
2018 - Oct,Other,Train,311734
2018 - Oct,Free Opal,Train,35210
2018 - Oct,School Opal,Train,692192
2018 - Oct,Gold Opal,Train,2975395
2018 - Oct,Opal Single Ticket,Train,304980
2018 - Oct,Opal Single Ticket,Train,62339
2018 - Nov,Adult,Train,27025348
2018 - Nov,Child/Youth,Train,1033964
2018 - Nov,Concession,Train,1798391
2018 - Nov,CTP,Train,29061
2018 - Nov,Day Pass Ticket,Train,11
2018 - Nov,Day Pass Ticket,Train,459
2018 - Nov,Other,Train,319734
2018 - Nov,Free Opal,Train,35582
2018 - Nov,School Opal,Train,1152486
2018 - Nov,Gold Opal,Train,3037349
2018 - Nov,Opal Single Ticket,Train,321285
2018 - Nov,Opal Single Ticket,Train,49652
2018 - Dec,Adult,Train,23050018
2018 - Dec,Child/Youth,Train,1319800
2018 - Dec,Concession,Train,1345643
2018 - Dec,CTP,Train,400255
2018 - Dec,Day Pass Ticket,Train,6
2018 - Dec,Day Pass Ticket,Train,366
2018 - Dec,Other,Train,272003
2018 - Dec,Free Opal,Train,29670
2018 - Dec,School Opal,Train,512431
2018 - Dec,Gold Opal,Train,2815946
2018 - Dec,Opal Single Ticket,Train,306621
2018 - Dec,Opal Single Ticket,Train,71697
2019 - Jan,Adult,Train,23174619
2019 - Jan,Child/Youth,Train,1511478
2019 - Jan,Concession,Train,1291370
2019 - Jan,CTP,Train,559514
2019 - Jan,Day Pass Ticket,Train,15
2019 - Jan,Day Pass Ticket,Train,493
2019 - Jan,Other,Train,274738
2019 - Jan,Free Opal,Train,29386
2019 - Jan,School Opal,Train,88704
2019 - Jan,Gold Opal,Train,2671807
2019 - Jan,Opal Single Ticket,Train,250355
2019 - Jan,Opal Single Ticket,Train,73085
2019 - Feb,Adult,Train,24235381
2019 - Feb,Child/Youth,Train,1030042
2019 - Feb,Concession,Train,1692708
2019 - Feb,CTP,Train,612866
2019 - Feb,Day Pass Ticket,Train,15
2019 - Feb,Day Pass Ticket,Train,502
2019 - Feb,Other,Train,299251
2019 - Feb,Free Opal,Train,32805
2019 - Feb,School Opal,Train,1203113
2019 - Feb,Gold Opal,Train,2837854
2019 - Feb,Opal Single Ticket,Train,235026
2019 - Feb,Opal Single Ticket,Train,39201
2019 - Mar,Adult,Train,26870901
2019 - Mar,Child/Youth,Train,1091466
2019 - Mar,Concession,Train,2792174
2019 - Mar,CTP,Train,715994
2019 - Mar,Day Pass Ticket,Train,54
2019 - Mar,Day Pass Ticket,Train,685
2019 - Mar,Other,Train,330137
2019 - Mar,Free Opal,Train,34783
2019 - Mar,School Opal,Train,1321749
2019 - Mar,Gold Opal,Train,3059039
2019 - Mar,Opal Single Ticket,Train,268079
2019 - Mar,Opal Single Ticket,Train,45205
2019 - Apr,Adult,Train,24276410
2019 - Apr,Child/Youth,Train,1331399
2019 - Apr,Concession,Train,2257676
2019 - Apr,CTP,Train,710888
2019 - Apr,Day Pass Ticket,Train,23
2019 - Apr,Day Pass Ticket,Train,658
2019 - Apr,Other,Train,304321
2019 - Apr,Free Opal,Train,31756
2019 - Apr,School Opal,Train,690414
2019 - Apr,Gold Opal,Train,2898742
2019 - Apr,Opal Single Ticket,Train,241881
2019 - Apr,Opal Single Ticket,Train,66510
2019 - May,Adult,Train,27859455
2019 - May,Child/Youth,Train,972256
2019 - May,Concession,Train,2479155
2019 - May,CTP,Train,893575
2019 - May,Day Pass Ticket,Train,38
2019 - May,Day Pass Ticket,Train,626
2019 - May,Other,Train,366432
2019 - May,Free Opal,Train,38389
2019 - May,School Opal,Train,1461690
2019 - May,Gold Opal,Train,3208060
2019 - May,Opal Single Ticket,Train,236129
2019 - May,Opal Single Ticket,Train,46316
2019 - Jun,Adult,Train,23861758
2019 - Jun,Child/Youth,Train,1044267
2019 - Jun,Concession,Train,1808606
2019 - Jun,CTP,Train,867911
2019 - Jun,Day Pass Ticket,Train,17
2019 - Jun,Day Pass Ticket,Train,671
2019 - Jun,Other,Train,326446
2019 - Jun,Free Opal,Train,32272
2019 - Jun,School Opal,Train,1090865
2019 - Jun,Gold Opal,Train,2807164
2019 - Jun,Opal Single Ticket,Train,218974
2019 - Jun,Opal Single Ticket,Train,53349
2019 - Jul,Adult,Train,25768860
2019 - Jul,Child/Youth,Train,1380506
2019 - Jul,Concession,Train,1800701
2019 - Jul,CTP,Train,890275
2019 - Jul,Day Pass Ticket,Train,27
2019 - Jul,Day Pass Ticket,Train,797
2019 - Jul,Other,Train,351847
2019 - Jul,Free Opal,Train,35294
2019 - Jul,School Opal,Train,646026
2019 - Jul,Gold Opal,Train,2993919
2019 - Jul,Opal Single Ticket,Train,212479
2019 - Jul,Opal Single Ticket,Train,67391
2019 - Aug,Adult,Train,25583771
2019 - Aug,Child/Youth,Train,948560
2019 - Aug,Concession,Train,2374111
2019 - Aug,CTP,Train,1113001
2019 - Aug,Day Pass Ticket,Train,33
2019 - Aug,Day Pass Ticket,Train,939
2019 - Aug,Other,Train,349886
2019 - Aug,Free Opal,Train,35716
2019 - Aug,School Opal,Train,1273508
2019 - Aug,Gold Opal,Train,2993017
2019 - Aug,Opal Single Ticket,Train,210421
2019 - Aug,Opal Single Ticket,Train,44548
2019 - Sep,Adult,Train,24439462
2019 - Sep,Child/Youth,Train,958683
2019 - Sep,Concession,Train,2030930
2019 - Sep,CTP,Train,1419949
2019 - Sep,Day Pass Ticket,Train,180
2019 - Sep,Day Pass Ticket,Train,835
2019 - Sep,Other,Train,335156
2019 - Sep,Free Opal,Train,34036
2019 - Sep,School Opal,Train,1156754
2019 - Sep,Gold Opal,Train,2906578
2019 - Sep,Opal Single Ticket,Train,193064
2019 - Sep,Opal Single Ticket,Train,42711
2019 - Oct,Adult,Train,24651070
2019 - Oct,Child/Youth,Train,1238755
2019 - Oct,Concession,Train,2075291
2019 - Oct,CTP,Train,2485677
2019 - Oct,Day Pass Ticket,Train,258
2019 - Oct,Day Pass Ticket,Train,895
2019 - Oct,Other,Train,353157
2019 - Oct,Free Opal,Train,36726
2019 - Oct,School Opal,Train,771963
2019 - Oct,Gold Opal,Train,3130129
2019 - Oct,Opal Single Ticket,Train,201464
2019 - Oct,Opal Single Ticket,Train,53099
2019 - Nov,Adult,Train,23606323
2019 - Nov,Child/Youth,Train,975672
2019 - Nov,Concession,Train,1706591
2019 - Nov,CTP,Train,3041703
2019 - Nov,Day Pass Ticket,Train,429
2019 - Nov,Day Pass Ticket,Train,1006
2019 - Nov,Other,Train,350623
2019 - Nov,Free Opal,Train,35204
2019 - Nov,School Opal,Train,1140317
2019 - Nov,Gold Opal,Train,3041509
2019 - Nov,Opal Single Ticket,Train,199332
2019 - Nov,Opal Single Ticket,Train,38441
2019 - Dec,Adult,Train,20632690
2019 - Dec,Child/Youth,Train,1248962
2019 - Dec,Concession,Train,1293890
2019 - Dec,CTP,Train,3082829
2019 - Dec,Day Pass Ticket,Train,103
2019 - Dec,Day Pass Ticket,Train,841
2019 - Dec,Other,Train,313184
2019 - Dec,Free Opal,Train,30754
2019 - Dec,School Opal,Train,539145
2019 - Dec,Gold Opal,Train,2856582
2019 - Dec,Opal Single Ticket,Train,212735
2019 - Dec,Opal Single Ticket,Train,63435
2020 - Jan,Adult,Train,20047422
2020 - Jan,Child/Youth,Train,1383839
2020 - Jan,Concession,Train,1177198
2020 - Jan,CTP,Train,3416625
2020 - Jan,Day Pass Ticket,Train,66
2020 - Jan,Day Pass Ticket,Train,886
2020 - Jan,Other,Train,303539
2020 - Jan,Free Opal,Train,29692
2020 - Jan,School Opal,Train,135534
2020 - Jan,Gold Opal,Train,2660591
2020 - Jan,Opal Single Ticket,Train,176497
2020 - Jan,Opal Single Ticket,Train,67572
2020 - Feb,Adult,Train,19921172
2020 - Feb,Child/Youth,Train,851652
2020 - Feb,Concession,Train,1536386
2020 - Feb,CTP,Train,3621285
2020 - Feb,Day Pass Ticket,Train,38
2020 - Feb,Day Pass Ticket,Train,1062
2020 - Feb,Other,Train,314197
2020 - Feb,Free Opal,Train,31272
2020 - Feb,School Opal,Train,1164671
2020 - Feb,Gold Opal,Train,2533490
2020 - Feb,Opal Single Ticket,Train,159957
2020 - Feb,Opal Single Ticket,Train,33628
2020 - Mar,Adult,Train,14771583
2020 - Mar,Child/Youth,Train,509401
2020 - Mar,Concession,Train,1470619
2020 - Mar,CTP,Train,2677062
2020 - Mar,Day Pass Ticket,Train,70
2020 - Mar,Day Pass Ticket,Train,915
2020 - Mar,Other,Train,277750
2020 - Mar,Free Opal,Train,22363
2020 - Mar,School Opal,Train,854274
2020 - Mar,Gold Opal,Train,1801124
2020 - Mar,Opal Single Ticket,Train,97199
2020 - Mar,Opal Single Ticket,Train,23918
2020 - Apr,Adult,Train,4344129
2020 - Apr,Child/Youth,Train,69680
2020 - Apr,Concession,Train,169942
2020 - Apr,CTP,Train,703420
2020 - Apr,Day Pass Ticket,Train,4
2020 - Apr,Day Pass Ticket,Train,489
2020 - Apr,Other,Train,155620
2020 - Apr,Free Opal,Train,6323
2020 - Apr,School Opal,Train,7775
2020 - Apr,Gold Opal,Train,617589
2020 - Apr,Opal Single Ticket,Train,13577
2020 - Apr,Opal Single Ticket,Train,7177
2020 - May,Adult,Train,6117204
2020 - May,Child/Youth,Train,199113
2020 - May,Concession,Train,303299
2020 - May,CTP,Train,1195199
2020 - May,Day Pass Ticket,Train,446
2020 - May,Other,Train,179768
2020 - May,Free Opal,Train,9664
2020 - May,School Opal,Train,345854
2020 - May,Gold Opal,Train,938107
2020 - May,Opal Single Ticket,Train,21690
2020 - May,Opal Single Ticket,Train,13330
2020 - Jun,Adult,Train,8357270
2020 - Jun,Child/Youth,Train,380309
2020 - Jun,Concession,Train,554058
2020 - Jun,CTP,Train,1900026
2020 - Jun,Day Pass Ticket,Train,11
2020 - Jun,Day Pass Ticket,Train,543
2020 - Jun,Other,Train,203267
2020 - Jun,Free Opal,Train,14546
2020 - Jun,School Opal,Train,936253
2020 - Jun,Gold Opal,Train,1360337
2020 - Jun,Opal Single Ticket,Train,35863
2020 - Jun,Opal Single Ticket,Train,20187
2020 - Jul,Adult,Train,9499639
2020 - Jul,Child/Youth,Train,643641
2020 - Jul,Concession,Train,722855
2020 - Jul,CTP,Train,2292077
2020 - Jul,Day Pass Ticket,Train,47
2020 - Jul,Day Pass Ticket,Train,579
2020 - Jul,Other,Train,216720
2020 - Jul,Free Opal,Train,16171
2020 - Jul,School Opal,Train,519597
2020 - Jul,Gold Opal,Train,1466814
2020 - Jul,Opal Single Ticket,Train,39724
2020 - Jul,Opal Single Ticket,Train,29040
2020 - Aug,Adult,Train,8635155
2020 - Aug,Child/Youth,Train,376987
2020 - Aug,Concession,Train,756263
2020 - Aug,CTP,Train,2128878
2020 - Aug,Day Pass Ticket,Train,7
2020 - Aug,Day Pass Ticket,Train,514
2020 - Aug,Other,Train,203844
2020 - Aug,Free Opal,Train,15100
2020 - Aug,School Opal,Train,891939
2020 - Aug,Gold Opal,Train,1333085
2020 - Aug,Opal Single Ticket,Train,26791
2020 - Aug,Opal Single Ticket,Train,16736
2020 - Sep,Adult,Train,9172681
2020 - Sep,Child/Youth,Train,481158
2020 - Sep,Concession,Train,836827
2020 - Sep,CTP,Train,2433375
2020 - Sep,Day Pass Ticket,Train,17
2020 - Sep,Day Pass Ticket,Train,470
2020 - Sep,Other,Train,213889
2020 - Sep,Free Opal,Train,16910
2020 - Sep,School Opal,Train,846898
2020 - Sep,Gold Opal,Train,1501862
2020 - Sep,Opal Single Ticket,Train,31229
2020 - Sep,Opal Single Ticket,Train,20973
2020 - Oct,Adult,Train,9591778
2020 - Oct,Child/Youth,Train,638173
2020 - Oct,Concession,Train,859401
2020 - Oct,CTP,Train,2817668
2020 - Oct,Day Pass Ticket,Train,11
2020 - Oct,Day Pass Ticket,Train,523
2020 - Oct,Other,Train,217613
2020 - Oct,Free Opal,Train,18019
2020 - Oct,School Opal,Train,646636
2020 - Oct,Gold Opal,Train,1644798
2020 - Oct,Opal Single Ticket,Train,39312
2020 - Oct,Opal Single Ticket,Train,28525
2020 - Nov,Adult,Train,9919415
2020 - Nov,Child/Youth,Train,514868
2020 - Nov,Concession,Train,837790
2020 - Nov,CTP,Train,3065452
2020 - Nov,Day Pass Ticket,Train,29
2020 - Nov,Day Pass Ticket,Train,522
2020 - Nov,Other,Train,226179
2020 - Nov,Free Opal,Train,19717
2020 - Nov,School Opal,Train,900820
2020 - Nov,Gold Opal,Train,1767809
2020 - Nov,Opal Single Ticket,Train,41236
2020 - Nov,Opal Single Ticket,Train,23433
2020 - Dec,Adult,Train,9225046
2020 - Dec,Child/Youth,Train,635972
2020 - Dec,Concession,Train,756484
2020 - Dec,CTP,Train,3091734
2020 - Dec,Day Pass Ticket,Train,12
2020 - Dec,Day Pass Ticket,Train,641
2020 - Dec,Other,Train,226494
2020 - Dec,Free Opal,Train,18057
2020 - Dec,School Opal,Train,429805
2020 - Dec,Gold Opal,Train,1706291
2020 - Dec,Opal Single Ticket,Train,51766
2020 - Dec,Opal Single Ticket,Train,31494
2021 - Jan,Adult,Train,7869191
2021 - Jan,Child/Youth,Train,715610
2021 - Jan,Concession,Train,628940
2021 - Jan,CTP,Train,2686459
2021 - Jan,Day Pass Ticket,Train,1
2021 - Jan,Day Pass Ticket,Train,721
2021 - Jan,Other,Train,205188
2021 - Jan,Free Opal,Train,13909
2021 - Jan,School Opal,Train,50576
2021 - Jan,Gold Opal,Train,1384427
2021 - Jan,Opal Single Ticket,Train,31739
2021 - Jan,Opal Single Ticket,Train,29775
2021 - Feb,Adult,Train,9681207
2021 - Feb,Child/Youth,Train,556563
2021 - Feb,Concession,Train,980597
2021 - Feb,CTP,Train,3440694
2021 - Feb,Day Pass Ticket,Train,3
2021 - Feb,Day Pass Ticket,Train,605
2021 - Feb,Other,Train,221297
2021 - Feb,Free Opal,Train,20426
2021 - Feb,School Opal,Train,1037993
2021 - Feb,Gold Opal,Train,1758361
2021 - Feb,Opal Single Ticket,Train,44261
2021 - Feb,Opal Single Ticket,Train,23446
2021 - Mar,Adult,Train,11142431
2021 - Mar,Child/Youth,Train,532750
2021 - Mar,Concession,Train,1540913
2021 - Mar,CTP,Train,4083006
2021 - Mar,Day Pass Ticket,Train,27
2021 - Mar,Day Pass Ticket,Train,725
2021 - Mar,Other,Train,251744
2021 - Mar,Free Opal,Train,23298
2021 - Mar,School Opal,Train,1190300
2021 - Mar,Gold Opal,Train,2071838
2021 - Mar,Opal Single Ticket,Train,60743
2021 - Mar,Opal Single Ticket,Train,28028
2021 - Apr,Adult,Train,10852255
2021 - Apr,Child/Youth,Train,935882
2021 - Apr,Concession,Train,1227628
2021 - Apr,CTP,Train,4379493
2021 - Apr,Day Pass Ticket,Train,8
2021 - Apr,Day Pass Ticket,Train,584
2021 - Apr,Other,Train,239457
2021 - Apr,Free Opal,Train,23328
2021 - Apr,School Opal,Train,534720
2021 - Apr,Gold Opal,Train,2218946
2021 - Apr,Opal Single Ticket,Train,83270
2021 - Apr,Opal Single Ticket,Train,56928
2021 - May,Adult,Train,11083214
2021 - May,Child/Youth,Train,551285
2021 - May,Concession,Train,1268868
2021 - May,CTP,Train,4502379
2021 - May,Day Pass Ticket,Train,36
2021 - May,Day Pass Ticket,Train,690
2021 - May,Other,Train,243732
2021 - May,Free Opal,Train,22989
2021 - May,School Opal,Train,1070994
2021 - May,Gold Opal,Train,2196224
2021 - May,Opal Single Ticket,Train,66707
2021 - May,Opal Single Ticket,Train,31491
2021 - Jun,Adult,Train,9207753
2021 - Jun,Child/Youth,Train,432363
2021 - Jun,Concession,Train,902120
2021 - Jun,CTP,Train,3730766
2021 - Jun,Day Pass Ticket,Train,10
2021 - Jun,Day Pass Ticket,Train,656
2021 - Jun,Other,Train,174401
2021 - Jun,Free Opal,Train,18227
2021 - Jun,School Opal,Train,834277
2021 - Jun,Gold Opal,Train,1818996
2021 - Jun,Opal Single Ticket,Train,47869
2021 - Jun,Opal Single Ticket,Train,26038
2021 - Jul,Adult,Train,3303530
2021 - Jul,Child/Youth,Train,66913
2021 - Jul,Concession,Train,171887
2021 - Jul,CTP,Train,1055844
2021 - Jul,Day Pass Ticket,Train,386
2021 - Jul,Other,Train,90532
2021 - Jul,Free Opal,Train,5093
2021 - Jul,School Opal,Train,13373
2021 - Jul,Gold Opal,Train,542932
2021 - Jul,Opal Single Ticket,Train,10479
2021 - Jul,Opal Single Ticket,Train,7864
2021 - Aug,Adult,Train,2672862
2021 - Aug,Child/Youth,Train,38935
2021 - Aug,Concession,Train,122594
2021 - Aug,CTP,Train,902288
2021 - Aug,Day Pass Ticket,Train,1
2021 - Aug,Day Pass Ticket,Train,432
2021 - Aug,Other,Train,63791
2021 - Aug,Free Opal,Train,4012
2021 - Aug,School Opal,Train,8871
2021 - Aug,Gold Opal,Train,419744
2021 - Aug,Opal Single Ticket,Train,7516
2021 - Aug,Opal Single Ticket,Train,4843
2021 - Sep,Adult,Train,2823340
2021 - Sep,Child/Youth,Train,62255
2021 - Sep,Concession,Train,130994
2021 - Sep,CTP,Train,1010138
2021 - Sep,Day Pass Ticket,Train,6
2021 - Sep,Day Pass Ticket,Train,393
2021 - Sep,Other,Train,63703
2021 - Sep,Free Opal,Train,4688
2021 - Sep,School Opal,Train,4961
2021 - Sep,Gold Opal,Train,477776
2021 - Sep,Opal Single Ticket,Train,8100
2021 - Sep,Opal Single Ticket,Train,5699
2021 - Oct,Adult,Train,4898487
2021 - Oct,Child/Youth,Train,268070
2021 - Oct,Concession,Train,377617
2021 - Oct,CTP,Train,2257721
2021 - Oct,Day Pass Ticket,Train,6
2021 - Oct,Day Pass Ticket,Train,476
2021 - Oct,Other,Train,116346
2021 - Oct,Free Opal,Train,10412
2021 - Oct,School Opal,Train,245858
2021 - Oct,Gold Opal,Train,1045123
2021 - Oct,Opal Single Ticket,Train,20147
2021 - Oct,Opal Single Ticket,Train,16303
2021 - Nov,Adult,Train,7240864
2021 - Nov,Child/Youth,Train,385203
2021 - Nov,Concession,Train,625489
2021 - Nov,CTP,Train,3480234
2021 - Nov,Day Pass Ticket,Train,11
2021 - Nov,Day Pass Ticket,Train,507
2021 - Nov,Other,Train,176091
2021 - Nov,Free Opal,Train,16182
2021 - Nov,School Opal,Train,947788
2021 - Nov,Gold Opal,Train,1631839
2021 - Nov,Opal Single Ticket,Train,41254
2021 - Nov,Opal Single Ticket,Train,22923
2021 - Dec,Adult,Train,6944384
2021 - Dec,Child/Youth,Train,562600
2021 - Dec,Concession,Train,639846
2021 - Dec,CTP,Train,3497237
2021 - Dec,Day Pass Ticket,Train,14
2021 - Dec,Day Pass Ticket,Train,601
2021 - Dec,Other,Train,176929
2021 - Dec,Free Opal,Train,15046
2021 - Dec,School Opal,Train,387366
2021 - Dec,Gold Opal,Train,1586825
2021 - Dec,Opal Single Ticket,Train,55444
2021 - Dec,Opal Single Ticket,Train,34888
2022 - Jan,Adult,Train,5176801
2022 - Jan,Child/Youth,Train,505128
2022 - Jan,Concession,Train,429252
2022 - Jan,CTP,Train,2554131
2022 - Jan,Day Pass Ticket,Train,5
2022 - Jan,Day Pass Ticket,Train,574
2022 - Jan,Other,Train,139527
2022 - Jan,Free Opal,Train,10852
2022 - Jan,School Opal,Train,18336
2022 - Jan,Gold Opal,Train,1149408
2022 - Jan,Opal Single Ticket,Train,40368
2022 - Jan,Opal Single Ticket,Train,32074
2022 - Feb,Adult,Train,6040182
2022 - Feb,Child/Youth,Train,446173
2022 - Feb,Concession,Train,707095
2022 - Feb,CTP,Train,3131179
2022 - Feb,Day Pass Ticket,Train,2
2022 - Feb,Day Pass Ticket,Train,497
2022 - Feb,Other,Train,151437
2022 - Feb,Free Opal,Train,13427
2022 - Feb,School Opal,Train,851333
2022 - Feb,Gold Opal,Train,1318743
2022 - Feb,Opal Single Ticket,Train,44855
2022 - Feb,Opal Single Ticket,Train,23762
2022 - Mar,Adult,Train,7671085
2022 - Mar,Child/Youth,Train,420388
2022 - Mar,Concession,Train,1170947
2022 - Mar,CTP,Train,4111466
2022 - Mar,Day Pass Ticket,Train,2
2022 - Mar,Day Pass Ticket,Train,529
2022 - Mar,Other,Train,189739
2022 - Mar,Free Opal,Train,16367
2022 - Mar,School Opal,Train,911751
2022 - Mar,Gold Opal,Train,1614839
2022 - Mar,Opal Single Ticket,Train,62264
2022 - Mar,Opal Single Ticket,Train,26392
2022 - Apr,Adult,Train,8524511
2022 - Apr,Child/Youth,Train,832396
2022 - Apr,Concession,Train,953331
2022 - Apr,CTP,Train,4535313
2022 - Apr,Day Pass Ticket,Train,2
2022 - Apr,Day Pass Ticket,Train,477
2022 - Apr,Other,Train,187612
2022 - Apr,Free Opal,Train,16992
2022 - Apr,School Opal,Train,398546
2022 - Apr,Gold Opal,Train,1792395
2022 - Apr,Opal Single Ticket,Train,59034
2022 - Apr,Opal Single Ticket,Train,31540
2022 - May,Adult,Train,9530862
2022 - May,Child/Youth,Train,514081
2022 - May,Concession,Train,1075324
2022 - May,CTP,Train,5491488
2022 - May,Day Pass Ticket,Train,62
2022 - May,Day Pass Ticket,Train,579
2022 - May,Other,Train,221741
2022 - May,Free Opal,Train,20779
2022 - May,School Opal,Train,1012990
2022 - May,Gold Opal,Train,2003021
2022 - May,Opal Single Ticket,Train,81255
2022 - May,Opal Single Ticket,Train,34097
2022 - Jun,Adult,Train,9599430
2022 - Jun,Child/Youth,Train,658677
2022 - Jun,Concession,Train,926877
2022 - Jun,CTP,Train,5787575
2022 - Jun,Day Pass Ticket,Train,196
2022 - Jun,Day Pass Ticket,Train,752
2022 - Jun,Other,Train,223849
2022 - Jun,Free Opal,Train,20476
2022 - Jun,School Opal,Train,928372
2022 - Jun,Gold Opal,Train,2065840
2022 - Jun,Opal Single Ticket,Train,96650
2022 - Jun,Opal Single Ticket,Train,53636
2022 - Jul,Adult,Train,8505857
2022 - Jul,Child/Youth,Train,657340
2022 - Jul,Concession,Train,821714
2022 - Jul,CTP,Train,5029629
2022 - Jul,Day Pass Ticket,Train,10
2022 - Jul,Day Pass Ticket,Train,558
2022 - Jul,Other,Train,142520
2022 - Jul,Free Opal,Train,16303
2022 - Jul,School Opal,Train,446561
2022 - Jul,Gold Opal,Train,1673035
2022 - Jul,Opal Single Ticket,Train,78750
2022 - Jul,Opal Single Ticket,Train,46925
2022 - Aug,Adult,Train,8832790
2022 - Aug,Child/Youth,Train,416534
2022 - Aug,Concession,Train,1138259
2022 - Aug,CTP,Train,5206540
2022 - Aug,Day Pass Ticket,Train,7
2022 - Aug,Day Pass Ticket,Train,562
2022 - Aug,Other,Train,108228
2022 - Aug,Free Opal,Train,15758
2022 - Aug,School Opal,Train,896023
2022 - Aug,Gold Opal,Train,1783567
2022 - Aug,Opal Single Ticket,Train,68780
2022 - Aug,Opal Single Ticket,Train,24711
2022 - Sep,Adult,Train,8976720
2022 - Sep,Child/Youth,Train,563286
2022 - Sep,Concession,Train,1010931
2022 - Sep,CTP,Train,5584493
2022 - Sep,Day Pass Ticket,Train,11
2022 - Sep,Day Pass Ticket,Train,661
2022 - Sep,Other,Train,118894
2022 - Sep,Free Opal,Train,16554
2022 - Sep,School Opal,Train,632981
2022 - Sep,Gold Opal,Train,1849464
2022 - Sep,Opal Single Ticket,Train,76159
2022 - Sep,Opal Single Ticket,Train,34558
2022 - Oct,Adult,Train,9482179
2022 - Oct,Child/Youth,Train,605550
2022 - Oct,Concession,Train,1046116
2022 - Oct,CTP,Train,6285173
2022 - Oct,Day Pass Ticket,Train,72
2022 - Oct,Day Pass Ticket,Train,713
2022 - Oct,Other,Train,132850
2022 - Oct,Free Opal,Train,17974
2022 - Oct,School Opal,Train,661274
2022 - Oct,Gold Opal,Train,2046978
2022 - Oct,Opal Single Ticket,Train,92735
2022 - Oct,Opal Single Ticket,Train,38905
2022 - Nov,Adult,Train,8160819
2022 - Nov,Child/Youth,Train,443403
2022 - Nov,Concession,Train,706517
2022 - Nov,CTP,Train,5503863
2022 - Nov,Day Pass Ticket,Train,137
2022 - Nov,Day Pass Ticket,Train,629
2022 - Nov,Other,Train,120096
2022 - Nov,Free Opal,Train,16005
2022 - Nov,School Opal,Train,684882
2022 - Nov,Gold Opal,Train,1762103
2022 - Nov,Opal Single Ticket,Train,81731
2022 - Nov,Opal Single Ticket,Train,25125
2022 - Dec,Adult,Train,9440309
2022 - Dec,Child/Youth,Train,801421
2022 - Dec,Concession,Train,729352
2022 - Dec,CTP,Train,6825016
2022 - Dec,Day Pass Ticket,Train,90
2022 - Dec,Day Pass Ticket,Train,958
2022 - Dec,Other,Train,205108
2022 - Dec,Free Opal,Train,20288
2022 - Dec,School Opal,Train,401437
2022 - Dec,Gold Opal,Train,2128260
2022 - Dec,Opal Single Ticket,Train,117625
2022 - Dec,Opal Single Ticket,Train,63508
2023 - Jan,Adult,Train,9018713
2023 - Jan,Child/Youth,Train,967399
2023 - Jan,Concession,Train,663041
2023 - Jan,CTP,Train,6630220
2023 - Jan,Day Pass Ticket,Train,17
2023 - Jan,Day Pass Ticket,Train,892
2023 - Jan,Other,Train,193986
2023 - Jan,Free Opal,Train,18695
2023 - Jan,School Opal,Train,46014
2023 - Jan,Gold Opal,Train,2013174
2023 - Jan,Opal Single Ticket,Train,103423
2023 - Jan,Opal Single Ticket,Train,72852
2023 - Feb,Adult,Train,9966221
2023 - Feb,Child/Youth,Train,588340
2023 - Feb,Concession,Train,1028752
2023 - Feb,CTP,Train,7363351
2023 - Feb,Day Pass Ticket,Train,43
2023 - Feb,Day Pass Ticket,Train,744
2023 - Feb,Other,Train,203824
2023 - Feb,Free Opal,Train,21275
2023 - Feb,School Opal,Train,1020671
2023 - Feb,Gold Opal,Train,2096692
2023 - Feb,Opal Single Ticket,Train,99920
2023 - Feb,Opal Single Ticket,Train,34769
2023 - Mar,Adult,Train,11361473
2023 - Mar,Child/Youth,Train,581902
2023 - Mar,Concession,Train,1610377
2023 - Mar,CTP,Train,8328869
2023 - Mar,Day Pass Ticket,Train,35
2023 - Mar,Day Pass Ticket,Train,753
2023 - Mar,Other,Train,226388
2023 - Mar,Free Opal,Train,23917
2023 - Mar,School Opal,Train,1167751
2023 - Mar,Gold Opal,Train,2317254
2023 - Mar,Opal Single Ticket,Train,110408
2023 - Mar,Opal Single Ticket,Train,40080
2023 - Apr,Adult,Train,9567193
2023 - Apr,Child/Youth,Train,835400
2023 - Apr,Concession,Train,1054815
2023 - Apr,CTP,Train,7118961
2023 - Apr,Day Pass Ticket,Train,17
2023 - Apr,Day Pass Ticket,Train,724
2023 - Apr,Other,Train,189165
2023 - Apr,Free Opal,Train,20247
2023 - Apr,School Opal,Train,352915
2023 - Apr,Gold Opal,Train,2045717
2023 - Apr,Opal Single Ticket,Train,93819
2023 - Apr,Opal Single Ticket,Train,60464
2023 - May,Adult,Train,11513916
2023 - May,Child/Youth,Train,541395
2023 - May,Concession,Train,1282805
2023 - May,CTP,Train,8499972
2023 - May,Day Pass Ticket,Train,40
2023 - May,Day Pass Ticket,Train,848
2023 - May,Other,Train,229190
2023 - May,Free Opal,Train,23881
2023 - May,School Opal,Train,1169300
2023 - May,Gold Opal,Train,2363546
2023 - May,Opal Single Ticket,Train,95421
2023 - May,Opal Single Ticket,Train,38794
2023 - Jun,Adult,Train,11125518
2023 - Jun,Child/Youth,Train,699889
2023 - Jun,Concession,Train,1035260
2023 - Jun,CTP,Train,8362292
2023 - Jun,Day Pass Ticket,Train,53
2023 - Jun,Day Pass Ticket,Train,762
2023 - Jun,Other,Train,232823
2023 - Jun,Free Opal,Train,22808
2023 - Jun,School Opal,Train,989713
2023 - Jun,Gold Opal,Train,2313958
2023 - Jun,Opal Single Ticket,Train,98915
2023 - Jun,Opal Single Ticket,Train,55583
2023 - Jul,Adult,Train,11122119
2023 - Jul,Child/Youth,Train,907208
2023 - Jul,Concession,Train,977222
2023 - Jul,CTP,Train,8136606
2023 - Jul,Day Pass Ticket,Train,257
2023 - Jul,Day Pass Ticket,Train,846
2023 - Jul,Other,Train,218727
2023 - Jul,Free Opal,Train,22258
2023 - Jul,School Opal,Train,515761
2023 - Jul,Gold Opal,Train,2273206
2023 - Jul,Opal Single Ticket,Train,101309
2023 - Jul,Opal Single Ticket,Train,68642
2023 - Aug,Adult,Train,12120198
2023 - Aug,Child/Youth,Train,601211
2023 - Aug,Concession,Train,1466217
2023 - Aug,CTP,Train,9038757
2023 - Aug,Day Pass Ticket,Train,53
2023 - Aug,Day Pass Ticket,Train,954
2023 - Aug,Other,Train,244741
2023 - Aug,Free Opal,Train,24221
2023 - Aug,School Opal,Train,1166240
2023 - Aug,Gold Opal,Train,2435494
2023 - Aug,Opal Single Ticket,Train,98722
2023 - Aug,Opal Single Ticket,Train,45109
2023 - Sep,Adult,Train,11311219
2023 - Sep,Child/Youth,Train,738875
2023 - Sep,Concession,Train,1262255
2023 - Sep,CTP,Train,8689041
2023 - Sep,Day Pass Ticket,Train,39
2023 - Sep,Day Pass Ticket,Train,946
2023 - Sep,Other,Train,225478
2023 - Sep,Free Opal,Train,22390
2023 - Sep,School Opal,Train,786034
2023 - Sep,Gold Opal,Train,2331482
2023 - Sep,Opal Single Ticket,Train,94539
2023 - Sep,Opal Single Ticket,Train,52145
2023 - Oct,Adult,Train,11463667
2023 - Oct,Child/Youth,Train,705858
2023 - Oct,Concession,Train,1300116
2023 - Oct,CTP,Train,9076600
2023 - Oct,Day Pass Ticket,Train,23
2023 - Oct,Day Pass Ticket,Train,999
2023 - Oct,Other,Train,233221
2023 - Oct,Free Opal,Train,22991
2023 - Oct,School Opal,Train,798096
2023 - Oct,Gold Opal,Train,2357874
2023 - Oct,Opal Single Ticket,Train,96729
2023 - Oct,Opal Single Ticket,Train,49139
2023 - Nov,Adult,Train,11520770
2023 - Nov,Child/Youth,Train,591971
2023 - Nov,Concession,Train,1036134
2023 - Nov,CTP,Train,9333408
2023 - Nov,Day Pass Ticket,Train,99
2023 - Nov,Day Pass Ticket,Train,847
2023 - Nov,Other,Train,240870
2023 - Nov,Free Opal,Train,24423
2023 - Nov,School Opal,Train,1015165
2023 - Nov,Gold Opal,Train,2426988
2023 - Nov,Opal Single Ticket,Train,98566
2023 - Nov,Opal Single Ticket,Train,37905
2023 - Dec,Adult,Train,10198973
2023 - Dec,Child/Youth,Train,837053
2023 - Dec,Concession,Train,757253
2023 - Dec,CTP,Train,8647726
2023 - Dec,Day Pass Ticket,Train,20
2023 - Dec,Day Pass Ticket,Train,972
2023 - Dec,Other,Train,225374
2023 - Dec,Free Opal,Train,20970
2023 - Dec,School Opal,Train,394784
2023 - Dec,Gold Opal,Train,2286113
2023 - Dec,Opal Single Ticket,Train,114217
2023 - Dec,Opal Single Ticket,Train,70483
2024 - Jan,Adult,Train,9761386
2024 - Jan,Child/Youth,Train,990126
2024 - Jan,Concession,Train,691578
2024 - Jan,CTP,Train,8328524
2024 - Jan,Day Pass Ticket,Train,19
2024 - Jan,Day Pass Ticket,Train,910
2024 - Jan,Other,Train,212573
2024 - Jan,Free Opal,Train,19670
2024 - Jan,School Opal,Train,28741
2024 - Jan,Gold Opal,Train,2159745
2024 - Jan,Opal Single Ticket,Train,96665
2024 - Jan,Opal Single Ticket,Train,75787
2024 - Feb,Adult,Train,11065961
2024 - Feb,Child/Youth,Train,657730
2024 - Feb,Concession,Train,1208277
2024 - Feb,CTP,Train,9659653
2024 - Feb,Day Pass Ticket,Train,14
2024 - Feb,Day Pass Ticket,Train,1060
2024 - Feb,Other,Train,224493
2024 - Feb,Free Opal,Train,22693
2024 - Feb,School Opal,Train,1086356
2024 - Feb,Gold Opal,Train,2316008
2024 - Feb,Opal Single Ticket,Train,103265
2024 - Feb,Opal Single Ticket,Train,41670
2024 - Mar,Adult,Train,11523217
2024 - Mar,Child/Youth,Train,673540
2024 - Mar,Concession,Train,1691060
2024 - Mar,CTP,Train,10182369
2024 - Mar,Day Pass Ticket,Train,118
2024 - Mar,Day Pass Ticket,Train,914
2024 - Mar,Other,Train,230790
2024 - Mar,Free Opal,Train,24443
2024 - Mar,School Opal,Train,1097497
2024 - Mar,Gold Opal,Train,2547532
2024 - Mar,Opal Single Ticket,Train,101397
2024 - Mar,Opal Single Ticket,Train,44722
2024 - Apr,Adult,Train,10396277
2024 - Apr,Child/Youth,Train,802714
2024 - Apr,Concession,Train,1317824
2024 - Apr,CTP,Train,9110115
2024 - Apr,Day Pass Ticket,Train,25
2024 - Apr,Day Pass Ticket,Train,855
2024 - Apr,Other,Train,223523
2024 - Apr,Free Opal,Train,23460
2024 - Apr,School Opal,Train,501127
2024 - Apr,Gold Opal,Train,2291788
2024 - Apr,Opal Single Ticket,Train,84587
2024 - Apr,Opal Single Ticket,Train,58860
2024 - May,Adult,Train,11533783
2024 - May,Child/Youth,Train,544546
2024 - May,Concession,Train,1426274
2024 - May,CTP,Train,10112517
2024 - May,Day Pass Ticket,Train,108
2024 - May,Day Pass Ticket,Train,1013
2024 - May,Other,Train,258310
2024 - May,Free Opal,Train,25614
2024 - May,School Opal,Train,1197747
2024 - May,Gold Opal,Train,2520358
2024 - May,Opal Single Ticket,Train,81902
2024 - May,Opal Single Ticket,Train,37892
2024 - Jun,Adult,Train,10305646
2024 - Jun,Child/Youth,Train,639003
2024 - Jun,Concession,Train,1100211
2024 - Jun,CTP,Train,9158776
2024 - Jun,Day Pass Ticket,Train,221
2024 - Jun,Day Pass Ticket,Train,953
2024 - Jun,Other,Train,236705
2024 - Jun,Free Opal,Train,22609
2024 - Jun,School Opal,Train,959920
2024 - Jun,Gold Opal,Train,2316168
2024 - Jun,Opal Single Ticket,Train,81125
2024 - Jun,Opal Single Ticket,Train,49362